{
  "version": "1.0.0",
  "timestamp": "2025-07-28T09:35:09.894Z",
  "transactions": [
    {
      "id": 158,
      "type": "income",
      "amount": 10000,
      "description": "bonus 10000",
      "category": "Bonus",
      "author": "nanda",
      "timestamp": "2025-07-28 08:04:09",
      "original_message": "bonus 10000",
      "created_at": "2025-07-28 08:04:09"
    },
    {
      "id": 157,
      "type": "expense",
      "amount": 5000,
      "description": "jajan 5000",
      "category": "Food & Beverage",
      "author": "nanda",
      "timestamp": "2025-07-28 08:03:19",
      "original_message": "jajan 5000",
      "created_at": "2025-07-28 08:03:19"
    },
    {
      "id": 156,
      "type": "expense",
      "amount": 10000,
      "description": "jajan 10000",
      "category": "Food & Beverage",
      "author": "62895364680590:15@c.us",
      "timestamp": "2025-07-28 07:58:27",
      "original_message": "jajan 10000",
      "created_at": "2025-07-28 07:58:27"
    },
    {
      "id": 155,
      "type": "expense",
      "amount": 30000,
      "description": "jajan 30000",
      "category": "Food & Beverage",
      "author": "62895364680590:15@c.us",
      "timestamp": "2025-07-28 07:53:43",
      "original_message": "jajan 30000",
      "created_at": "2025-07-28 07:53:43"
    },
    {
      "id": 154,
      "type": "income",
      "amount": 200000,
      "description": "bonus 200000",
      "category": "Bonus",
      "author": "62895364680590:15@c.us",
      "timestamp": "2025-07-28 07:49:47",
      "original_message": "bonus 200000",
      "created_at": "2025-07-28 07:49:47"
    },
    {
      "id": 153,
      "type": "income",
      "amount": 11300000,
      "description": "pemasukan 11.300.000",
      "category": "Pemasukan",
      "author": "6283174899898@c.us",
      "timestamp": "2025-07-28 04:57:45",
      "original_message": "pemasukan 11.300.000",
      "created_at": "2025-07-28 04:57:45"
    },
    {
      "id": 152,
      "type": "expense",
      "amount": 100000,
      "description": "belanja 100000",
      "category": "Belanja",
      "author": "6283174899898@c.us",
      "timestamp": "2025-07-28 04:57:07",
      "original_message": "belanja 100000",
      "created_at": "2025-07-28 04:57:07"
    },
    {
      "id": 151,
      "type": "expense",
      "amount": 100000,
      "description": "belanja 100000",
      "category": "Belanja",
      "author": "62895364680590:15@c.us",
      "timestamp": "2025-07-28 04:56:49",
      "original_message": "belanja 100000",
      "created_at": "2025-07-28 04:56:49"
    },
    {
      "id": 150,
      "type": "income",
      "amount": 1000000,
      "description": "gaji 1000000",
      "category": "Gaji",
      "author": "62895364680590:15@c.us",
      "timestamp": "2025-07-28 04:54:55",
      "original_message": "gaji 1000000",
      "created_at": "2025-07-28 04:54:55"
    },
    {
      "id": 149,
      "type": "income",
      "amount": 100,
      "description": "bonus 100",
      "category": "Bonus",
      "author": "62895364680590:15@c.us",
      "timestamp": "2025-07-28 04:54:36",
      "original_message": "bonus 100",
      "created_at": "2025-07-28 04:54:36"
    },
    {
      "id": 148,
      "type": "income",
      "amount": 60000,
      "description": "Gaji 60000",
      "category": "Gaji",
      "author": "6283174899898@c.us",
      "timestamp": "2025-07-28 04:40:24",
      "original_message": "Gaji 60000",
      "created_at": "2025-07-28 04:40:24"
    },
    {
      "id": 147,
      "type": "income",
      "amount": 20000,
      "description": "gaji 20000\ngaji 30000\nbonus 2000000",
      "category": "Gaji",
      "author": "6283174899898@c.us",
      "timestamp": "2025-07-28 04:25:16",
      "original_message": "gaji 20000\ngaji 30000\nbonus 2000000",
      "created_at": "2025-07-28 04:25:16"
    },
    {
      "id": 146,
      "type": "income",
      "amount": 20000,
      "description": "gaji 20000",
      "category": "Gaji",
      "author": "6283174899898@c.us",
      "timestamp": "2025-07-28 04:24:41",
      "original_message": "gaji 20000",
      "created_at": "2025-07-28 04:24:41"
    }
  ],
  "config": {
    "allowedGroupId": null,
    "botName": "FinanceBot",
    "autoProcessAllGroups": true,
    "logLevel": "info"
  },
  "metadata": {
    "totalTransactions": 13,
    "totalIncome": 12610100,
    "totalExpense": 245000,
    "backupType": "manual"
  }
}